date,sku,competitor_price
2026-08-01,SKU-A1,101.0
2026-08-01,SKU-A2,121.2
2026-08-01,SKU-B1,111.1
2026-08-01,SKU-B2,136.35
2026-08-01,SKU-C1,95.95
2026-08-01,SKU-C2,126.25
2026-08-02,SKU-A1,101.0
2026-08-02,SKU-A2,121.2
2026-08-02,SKU-B1,111.1
2026-08-02,SKU-B2,136.35
2026-08-02,SKU-C1,95.95
2026-08-02,SKU-C2,126.25
2026-08-03,SKU-A1,101.0
2026-08-03,SKU-A2,121.2
2026-08-03,SKU-B1,111.1
2026-08-03,SKU-B2,136.35
2026-08-03,SKU-C1,95.95
2026-08-03,SKU-C2,126.25
2026-08-04,SKU-A1,101.0
2026-08-04,SKU-A2,121.2
2026-08-04,SKU-B1,111.1
2026-08-04,SKU-B2,136.35
2026-08-04,SKU-C1,95.95
2026-08-04,SKU-C2,126.25
2026-08-05,SKU-A1,101.0
2026-08-05,SKU-A2,121.2
2026-08-05,SKU-B1,111.1
2026-08-05,SKU-B2,136.35
2026-08-05,SKU-C1,95.95
2026-08-05,SKU-C2,126.25
2026-08-06,SKU-A1,101.0
2026-08-06,SKU-A2,121.2
2026-08-06,SKU-B1,111.1
2026-08-06,SKU-B2,136.35
2026-08-06,SKU-C1,95.95
2026-08-06,SKU-C2,126.25
2026-08-07,SKU-A1,101.0
2026-08-07,SKU-A2,121.2
2026-08-07,SKU-B1,111.1
2026-08-07,SKU-B2,136.35
2026-08-07,SKU-C1,95.95
2026-08-07,SKU-C2,126.25
2026-08-08,SKU-A1,101.0
2026-08-08,SKU-A2,121.2
2026-08-08,SKU-B1,111.1
2026-08-08,SKU-B2,136.35
2026-08-08,SKU-C1,95.95
2026-08-08,SKU-C2,126.25
2026-08-09,SKU-A1,101.0
2026-08-09,SKU-A2,121.2
2026-08-09,SKU-B1,111.1
2026-08-09,SKU-B2,136.35
2026-08-09,SKU-C1,95.95
2026-08-09,SKU-C2,126.25
2026-08-10,SKU-A1,101.0
2026-08-10,SKU-A2,121.2
2026-08-10,SKU-B1,111.1
2026-08-10,SKU-B2,136.35
2026-08-10,SKU-C1,95.95
2026-08-10,SKU-C2,126.25
2026-08-11,SKU-A1,101.0
2026-08-11,SKU-A2,121.2
2026-08-11,SKU-B1,111.1
2026-08-11,SKU-B2,136.35
2026-08-11,SKU-C1,95.95
2026-08-11,SKU-C2,126.25
2026-08-12,SKU-A1,101.0
2026-08-12,SKU-A2,121.2
2026-08-12,SKU-B1,111.1
2026-08-12,SKU-B2,136.35
2026-08-12,SKU-C1,95.95
2026-08-12,SKU-C2,126.25
2026-08-13,SKU-A1,101.0
2026-08-13,SKU-A2,121.2
2026-08-13,SKU-B1,111.1
2026-08-13,SKU-B2,136.35
2026-08-13,SKU-C1,95.95
2026-08-13,SKU-C2,126.25
2026-08-14,SKU-A1,101.0
2026-08-14,SKU-A2,121.2
2026-08-14,SKU-B1,111.1
2026-08-14,SKU-B2,136.35
2026-08-14,SKU-C1,95.95
2026-08-14,SKU-C2,126.25
2026-08-15,SKU-A1,101.0
2026-08-15,SKU-A2,121.2
2026-08-15,SKU-B1,111.1
2026-08-15,SKU-B2,136.35
2026-08-15,SKU-C1,95.95
2026-08-15,SKU-C2,126.25
2026-08-16,SKU-A1,101.0
2026-08-16,SKU-A2,121.2
2026-08-16,SKU-B1,111.1
2026-08-16,SKU-B2,136.35
2026-08-16,SKU-C1,95.95
2026-08-16,SKU-C2,126.25
2026-08-17,SKU-A1,101.0
2026-08-17,SKU-A2,121.2
2026-08-17,SKU-B1,111.1
2026-08-17,SKU-B2,136.35
2026-08-17,SKU-C1,95.95
2026-08-17,SKU-C2,126.25
2026-08-18,SKU-A1,101.0
2026-08-18,SKU-A2,121.2
2026-08-18,SKU-B1,111.1
2026-08-18,SKU-B2,136.35
2026-08-18,SKU-C1,95.95
2026-08-18,SKU-C2,126.25
2026-08-19,SKU-A1,101.0
2026-08-19,SKU-A2,121.2
2026-08-19,SKU-B1,111.1
2026-08-19,SKU-B2,136.35
2026-08-19,SKU-C1,95.95
2026-08-19,SKU-C2,126.25
2026-08-20,SKU-A1,101.0
2026-08-20,SKU-A2,121.2
2026-08-20,SKU-B1,111.1
2026-08-20,SKU-B2,136.35
2026-08-20,SKU-C1,95.95
2026-08-20,SKU-C2,126.25
2026-08-21,SKU-A1,101.0
2026-08-21,SKU-A2,121.2
2026-08-21,SKU-B1,111.1
2026-08-21,SKU-B2,136.35
2026-08-21,SKU-C1,95.95
2026-08-21,SKU-C2,126.25
2026-08-22,SKU-A1,101.0
2026-08-22,SKU-A2,121.2
2026-08-22,SKU-B1,111.1
2026-08-22,SKU-B2,136.35
2026-08-22,SKU-C1,95.95
2026-08-22,SKU-C2,126.25
2026-08-23,SKU-A1,101.0
2026-08-23,SKU-A2,121.2
2026-08-23,SKU-B1,111.1
2026-08-23,SKU-B2,136.35
2026-08-23,SKU-C1,95.95
2026-08-23,SKU-C2,126.25
2026-08-24,SKU-A1,101.0
2026-08-24,SKU-A2,121.2
2026-08-24,SKU-B1,111.1
2026-08-24,SKU-B2,136.35
2026-08-24,SKU-C1,95.95
2026-08-24,SKU-C2,126.25
2026-08-25,SKU-A1,101.0
2026-08-25,SKU-A2,121.2
2026-08-25,SKU-B1,111.1
2026-08-25,SKU-B2,136.35
2026-08-25,SKU-C1,95.95
2026-08-25,SKU-C2,126.25
2026-08-26,SKU-A1,101.0
2026-08-26,SKU-A2,121.2
2026-08-26,SKU-B1,111.1
2026-08-26,SKU-B2,136.35
2026-08-26,SKU-C1,95.95
2026-08-26,SKU-C2,126.25
2026-08-27,SKU-A1,101.0
2026-08-27,SKU-A2,121.2
2026-08-27,SKU-B1,111.1
2026-08-27,SKU-B2,136.35
2026-08-27,SKU-C1,95.95
2026-08-27,SKU-C2,126.25
2026-08-28,SKU-A1,101.0
2026-08-28,SKU-A2,121.2
2026-08-28,SKU-B1,111.1
2026-08-28,SKU-B2,136.35
2026-08-28,SKU-C1,95.95
2026-08-28,SKU-C2,126.25
2026-08-29,SKU-A1,101.0
2026-08-29,SKU-A2,121.2
2026-08-29,SKU-B1,111.1
2026-08-29,SKU-B2,136.35
2026-08-29,SKU-C1,95.95
2026-08-29,SKU-C2,126.25
2026-08-30,SKU-A1,101.0
2026-08-30,SKU-A2,121.2
2026-08-30,SKU-B1,111.1
2026-08-30,SKU-B2,136.35
2026-08-30,SKU-C1,95.95
2026-08-30,SKU-C2,126.25
2026-08-31,SKU-A1,101.0
2026-08-31,SKU-A2,121.2
2026-08-31,SKU-B1,111.1
2026-08-31,SKU-B2,136.35
2026-08-31,SKU-C1,95.95
2026-08-31,SKU-C2,126.25
2026-09-01,SKU-A1,101.0
2026-09-01,SKU-A2,121.2
2026-09-01,SKU-B1,111.1
2026-09-01,SKU-B2,136.35
2026-09-01,SKU-C1,95.95
2026-09-01,SKU-C2,126.25
2026-09-02,SKU-A1,101.0
2026-09-02,SKU-A2,121.2
2026-09-02,SKU-B1,111.1
2026-09-02,SKU-B2,136.35
2026-09-02,SKU-C1,95.95
2026-09-02,SKU-C2,126.25
2026-09-03,SKU-A1,101.0
2026-09-03,SKU-A2,121.2
2026-09-03,SKU-B1,111.1
2026-09-03,SKU-B2,136.35
2026-09-03,SKU-C1,95.95
2026-09-03,SKU-C2,126.25
2026-09-04,SKU-A1,101.0
2026-09-04,SKU-A2,121.2
2026-09-04,SKU-B1,111.1
2026-09-04,SKU-B2,136.35
2026-09-04,SKU-C1,95.95
2026-09-04,SKU-C2,126.25
2026-09-05,SKU-A1,101.0
2026-09-05,SKU-A2,121.2
2026-09-05,SKU-B1,111.1
2026-09-05,SKU-B2,136.35
2026-09-05,SKU-C1,95.95
2026-09-05,SKU-C2,126.25
2026-09-06,SKU-A1,101.0
2026-09-06,SKU-A2,121.2
2026-09-06,SKU-B1,111.1
2026-09-06,SKU-B2,136.35
2026-09-06,SKU-C1,95.95
2026-09-06,SKU-C2,126.25
2026-09-07,SKU-A1,101.0
2026-09-07,SKU-A2,121.2
2026-09-07,SKU-B1,111.1
2026-09-07,SKU-B2,136.35
2026-09-07,SKU-C1,95.95
2026-09-07,SKU-C2,126.25
2026-09-08,SKU-A1,101.0
2026-09-08,SKU-A2,121.2
2026-09-08,SKU-B1,111.1
2026-09-08,SKU-B2,136.35
2026-09-08,SKU-C1,95.95
2026-09-08,SKU-C2,126.25
2026-09-09,SKU-A1,101.0
2026-09-09,SKU-A2,121.2
2026-09-09,SKU-B1,111.1
2026-09-09,SKU-B2,136.35
2026-09-09,SKU-C1,95.95
2026-09-09,SKU-C2,126.25
2026-09-10,SKU-A1,101.0
2026-09-10,SKU-A2,121.2
2026-09-10,SKU-B1,111.1
2026-09-10,SKU-B2,136.35
2026-09-10,SKU-C1,95.95
2026-09-10,SKU-C2,126.25
2026-09-11,SKU-A1,101.0
2026-09-11,SKU-A2,121.2
2026-09-11,SKU-B1,111.1
2026-09-11,SKU-B2,136.35
2026-09-11,SKU-C1,95.95
2026-09-11,SKU-C2,126.25
2026-09-12,SKU-A1,101.0
2026-09-12,SKU-A2,121.2
2026-09-12,SKU-B1,107.8
2026-09-12,SKU-B2,132.3
2026-09-12,SKU-C1,95.95
2026-09-12,SKU-C2,126.25
2026-09-13,SKU-A1,101.0
2026-09-13,SKU-A2,121.2
2026-09-13,SKU-B1,111.1
2026-09-13,SKU-B2,132.3
2026-09-13,SKU-C1,95.95
2026-09-13,SKU-C2,126.25
2026-09-14,SKU-A1,101.0
2026-09-14,SKU-A2,121.2
2026-09-14,SKU-B1,111.1
2026-09-14,SKU-B2,132.3
2026-09-14,SKU-C1,95.95
2026-09-14,SKU-C2,126.25
2026-09-15,SKU-A1,101.0
2026-09-15,SKU-A2,121.2
2026-09-15,SKU-B1,107.8
2026-09-15,SKU-B2,136.35
2026-09-15,SKU-C1,95.95
2026-09-15,SKU-C2,126.25
2026-09-16,SKU-A1,101.0
2026-09-16,SKU-A2,121.2
2026-09-16,SKU-B1,111.1
2026-09-16,SKU-B2,132.3
2026-09-16,SKU-C1,95.95
2026-09-16,SKU-C2,126.25
2026-09-17,SKU-A1,101.0
2026-09-17,SKU-A2,121.2
2026-09-17,SKU-B1,107.8
2026-09-17,SKU-B2,136.35
2026-09-17,SKU-C1,95.95
2026-09-17,SKU-C2,126.25
2026-09-18,SKU-A1,101.0
2026-09-18,SKU-A2,121.2
2026-09-18,SKU-B1,107.8
2026-09-18,SKU-B2,136.35
2026-09-18,SKU-C1,95.95
2026-09-18,SKU-C2,126.25
2026-09-19,SKU-A1,101.0
2026-09-19,SKU-A2,121.2
2026-09-19,SKU-B1,111.1
2026-09-19,SKU-B2,132.3
2026-09-19,SKU-C1,95.95
2026-09-19,SKU-C2,126.25
2026-09-20,SKU-A1,101.0
2026-09-20,SKU-A2,121.2
2026-09-20,SKU-B1,111.1
2026-09-20,SKU-B2,132.3
2026-09-20,SKU-C1,95.95
2026-09-20,SKU-C2,126.25
2026-09-21,SKU-A1,101.0
2026-09-21,SKU-A2,121.2
2026-09-21,SKU-B1,111.1
2026-09-21,SKU-B2,136.35
2026-09-21,SKU-C1,95.95
2026-09-21,SKU-C2,126.25
2026-09-22,SKU-A1,101.0
2026-09-22,SKU-A2,121.2
2026-09-22,SKU-B1,111.1
2026-09-22,SKU-B2,136.35
2026-09-22,SKU-C1,95.95
2026-09-22,SKU-C2,126.25
2026-09-23,SKU-A1,101.0
2026-09-23,SKU-A2,121.2
2026-09-23,SKU-B1,111.1
2026-09-23,SKU-B2,132.3
2026-09-23,SKU-C1,95.95
2026-09-23,SKU-C2,126.25
2026-09-24,SKU-A1,101.0
2026-09-24,SKU-A2,121.2
2026-09-24,SKU-B1,107.8
2026-09-24,SKU-B2,132.3
2026-09-24,SKU-C1,95.95
2026-09-24,SKU-C2,126.25
2026-09-25,SKU-A1,101.0
2026-09-25,SKU-A2,121.2
2026-09-25,SKU-B1,107.8
2026-09-25,SKU-B2,136.35
2026-09-25,SKU-C1,95.95
2026-09-25,SKU-C2,126.25
