date,sku,stock_level
2026-08-01,SKU-A1,91
2026-08-01,SKU-A2,92
2026-08-01,SKU-B1,92
2026-08-01,SKU-B2,97
2026-08-01,SKU-C1,89
2026-08-01,SKU-C2,85
2026-08-02,SKU-A1,84
2026-08-02,SKU-A2,93
2026-08-02,SKU-B1,103
2026-08-02,SKU-B2,96
2026-08-02,SKU-C1,91
2026-08-02,SKU-C2,94
2026-08-03,SKU-A1,100
2026-08-03,SKU-A2,93
2026-08-03,SKU-B1,93
2026-08-03,SKU-B2,101
2026-08-03,SKU-C1,95
2026-08-03,SKU-C2,101
2026-08-04,SKU-A1,93
2026-08-04,SKU-A2,85
2026-08-04,SKU-B1,88
2026-08-04,SKU-B2,103
2026-08-04,SKU-C1,102
2026-08-04,SKU-C2,91
2026-08-05,SKU-A1,90
2026-08-05,SKU-A2,101
2026-08-05,SKU-B1,89
2026-08-05,SKU-B2,91
2026-08-05,SKU-C1,96
2026-08-05,SKU-C2,90
2026-08-06,SKU-A1,92
2026-08-06,SKU-A2,91
2026-08-06,SKU-B1,97
2026-08-06,SKU-B2,102
2026-08-06,SKU-C1,93
2026-08-06,SKU-C2,96
2026-08-07,SKU-A1,80
2026-08-07,SKU-A2,92
2026-08-07,SKU-B1,91
2026-08-07,SKU-B2,89
2026-08-07,SKU-C1,87
2026-08-07,SKU-C2,90
2026-08-08,SKU-A1,97
2026-08-08,SKU-A2,84
2026-08-08,SKU-B1,95
2026-08-08,SKU-B2,93
2026-08-08,SKU-C1,90
2026-08-08,SKU-C2,98
2026-08-09,SKU-A1,95
2026-08-09,SKU-A2,100
2026-08-09,SKU-B1,94
2026-08-09,SKU-B2,92
2026-08-09,SKU-C1,91
2026-08-09,SKU-C2,93
2026-08-10,SKU-A1,93
2026-08-10,SKU-A2,85
2026-08-10,SKU-B1,95
2026-08-10,SKU-B2,96
2026-08-10,SKU-C1,107
2026-08-10,SKU-C2,103
2026-08-11,SKU-A1,87
2026-08-11,SKU-A2,90
2026-08-11,SKU-B1,88
2026-08-11,SKU-B2,92
2026-08-11,SKU-C1,94
2026-08-11,SKU-C2,99
2026-08-12,SKU-A1,88
2026-08-12,SKU-A2,88
2026-08-12,SKU-B1,84
2026-08-12,SKU-B2,94
2026-08-12,SKU-C1,86
2026-08-12,SKU-C2,89
2026-08-13,SKU-A1,87
2026-08-13,SKU-A2,91
2026-08-13,SKU-B1,86
2026-08-13,SKU-B2,88
2026-08-13,SKU-C1,105
2026-08-13,SKU-C2,84
2026-08-14,SKU-A1,85
2026-08-14,SKU-A2,103
2026-08-14,SKU-B1,110
2026-08-14,SKU-B2,89
2026-08-14,SKU-C1,90
2026-08-14,SKU-C2,94
2026-08-15,SKU-A1,102
2026-08-15,SKU-A2,86
2026-08-15,SKU-B1,94
2026-08-15,SKU-B2,99
2026-08-15,SKU-C1,95
2026-08-15,SKU-C2,90
2026-08-16,SKU-A1,91
2026-08-16,SKU-A2,84
2026-08-16,SKU-B1,94
2026-08-16,SKU-B2,94
2026-08-16,SKU-C1,93
2026-08-16,SKU-C2,89
2026-08-17,SKU-A1,95
2026-08-17,SKU-A2,98
2026-08-17,SKU-B1,96
2026-08-17,SKU-B2,97
2026-08-17,SKU-C1,92
2026-08-17,SKU-C2,92
2026-08-18,SKU-A1,88
2026-08-18,SKU-A2,94
2026-08-18,SKU-B1,95
2026-08-18,SKU-B2,105
2026-08-18,SKU-C1,101
2026-08-18,SKU-C2,94
2026-08-19,SKU-A1,87
2026-08-19,SKU-A2,85
2026-08-19,SKU-B1,101
2026-08-19,SKU-B2,96
2026-08-19,SKU-C1,95
2026-08-19,SKU-C2,82
2026-08-20,SKU-A1,98
2026-08-20,SKU-A2,95
2026-08-20,SKU-B1,89
2026-08-20,SKU-B2,93
2026-08-20,SKU-C1,94
2026-08-20,SKU-C2,92
2026-08-21,SKU-A1,90
2026-08-21,SKU-A2,91
2026-08-21,SKU-B1,94
2026-08-21,SKU-B2,96
2026-08-21,SKU-C1,101
2026-08-21,SKU-C2,77
2026-08-22,SKU-A1,91
2026-08-22,SKU-A2,93
2026-08-22,SKU-B1,96
2026-08-22,SKU-B2,93
2026-08-22,SKU-C1,81
2026-08-22,SKU-C2,94
2026-08-23,SKU-A1,102
2026-08-23,SKU-A2,83
2026-08-23,SKU-B1,99
2026-08-23,SKU-B2,93
2026-08-23,SKU-C1,92
2026-08-23,SKU-C2,86
2026-08-24,SKU-A1,90
2026-08-24,SKU-A2,100
2026-08-24,SKU-B1,98
2026-08-24,SKU-B2,104
2026-08-24,SKU-C1,99
2026-08-24,SKU-C2,95
2026-08-25,SKU-A1,102
2026-08-25,SKU-A2,95
2026-08-25,SKU-B1,99
2026-08-25,SKU-B2,94
2026-08-25,SKU-C1,92
2026-08-25,SKU-C2,88
2026-08-26,SKU-A1,98
2026-08-26,SKU-A2,85
2026-08-26,SKU-B1,99
2026-08-26,SKU-B2,94
2026-08-26,SKU-C1,99
2026-08-26,SKU-C2,97
2026-08-27,SKU-A1,103
2026-08-27,SKU-A2,96
2026-08-27,SKU-B1,87
2026-08-27,SKU-B2,95
2026-08-27,SKU-C1,85
2026-08-27,SKU-C2,89
2026-08-28,SKU-A1,101
2026-08-28,SKU-A2,96
2026-08-28,SKU-B1,92
2026-08-28,SKU-B2,90
2026-08-28,SKU-C1,92
2026-08-28,SKU-C2,85
2026-08-29,SKU-A1,88
2026-08-29,SKU-A2,94
2026-08-29,SKU-B1,101
2026-08-29,SKU-B2,98
2026-08-29,SKU-C1,78
2026-08-29,SKU-C2,94
2026-08-30,SKU-A1,92
2026-08-30,SKU-A2,94
2026-08-30,SKU-B1,103
2026-08-30,SKU-B2,85
2026-08-30,SKU-C1,88
2026-08-30,SKU-C2,96
2026-08-31,SKU-A1,83
2026-08-31,SKU-A2,101
2026-08-31,SKU-B1,97
2026-08-31,SKU-B2,99
2026-08-31,SKU-C1,89
2026-08-31,SKU-C2,97
2026-09-01,SKU-A1,98
2026-09-01,SKU-A2,93
2026-09-01,SKU-B1,96
2026-09-01,SKU-B2,96
2026-09-01,SKU-C1,87
2026-09-01,SKU-C2,91
2026-09-02,SKU-A1,91
2026-09-02,SKU-A2,94
2026-09-02,SKU-B1,100
2026-09-02,SKU-B2,90
2026-09-02,SKU-C1,91
2026-09-02,SKU-C2,101
2026-09-03,SKU-A1,88
2026-09-03,SKU-A2,87
2026-09-03,SKU-B1,96
2026-09-03,SKU-B2,99
2026-09-03,SKU-C1,92
2026-09-03,SKU-C2,100
2026-09-04,SKU-A1,97
2026-09-04,SKU-A2,97
2026-09-04,SKU-B1,98
2026-09-04,SKU-B2,107
2026-09-04,SKU-C1,91
2026-09-04,SKU-C2,80
2026-09-05,SKU-A1,102
2026-09-05,SKU-A2,89
2026-09-05,SKU-B1,96
2026-09-05,SKU-B2,102
2026-09-05,SKU-C1,82
2026-09-05,SKU-C2,84
2026-09-06,SKU-A1,82
2026-09-06,SKU-A2,87
2026-09-06,SKU-B1,97
2026-09-06,SKU-B2,98
2026-09-06,SKU-C1,94
2026-09-06,SKU-C2,84
2026-09-07,SKU-A1,78
2026-09-07,SKU-A2,92
2026-09-07,SKU-B1,93
2026-09-07,SKU-B2,97
2026-09-07,SKU-C1,96
2026-09-07,SKU-C2,93
2026-09-08,SKU-A1,97
2026-09-08,SKU-A2,93
2026-09-08,SKU-B1,98
2026-09-08,SKU-B2,91
2026-09-08,SKU-C1,91
2026-09-08,SKU-C2,93
2026-09-09,SKU-A1,97
2026-09-09,SKU-A2,90
2026-09-09,SKU-B1,98
2026-09-09,SKU-B2,94
2026-09-09,SKU-C1,91
2026-09-09,SKU-C2,97
2026-09-10,SKU-A1,80
2026-09-10,SKU-A2,84
2026-09-10,SKU-B1,88
2026-09-10,SKU-B2,83
2026-09-10,SKU-C1,88
2026-09-10,SKU-C2,96
2026-09-11,SKU-A1,90
2026-09-11,SKU-A2,93
2026-09-11,SKU-B1,94
2026-09-11,SKU-B2,95
2026-09-11,SKU-C1,92
2026-09-11,SKU-C2,100
2026-09-12,SKU-A1,93
2026-09-12,SKU-A2,87
2026-09-12,SKU-B1,82
2026-09-12,SKU-B2,79
2026-09-12,SKU-C1,87
2026-09-12,SKU-C2,90
2026-09-13,SKU-A1,97
2026-09-13,SKU-A2,102
2026-09-13,SKU-B1,74
2026-09-13,SKU-B2,81
2026-09-13,SKU-C1,86
2026-09-13,SKU-C2,95
2026-09-14,SKU-A1,91
2026-09-14,SKU-A2,81
2026-09-14,SKU-B1,78
2026-09-14,SKU-B2,72
2026-09-14,SKU-C1,89
2026-09-14,SKU-C2,86
2026-09-15,SKU-A1,88
2026-09-15,SKU-A2,95
2026-09-15,SKU-B1,68
2026-09-15,SKU-B2,70
2026-09-15,SKU-C1,94
2026-09-15,SKU-C2,100
2026-09-16,SKU-A1,90
2026-09-16,SKU-A2,83
2026-09-16,SKU-B1,68
2026-09-16,SKU-B2,62
2026-09-16,SKU-C1,99
2026-09-16,SKU-C2,94
2026-09-17,SKU-A1,91
2026-09-17,SKU-A2,94
2026-09-17,SKU-B1,66
2026-09-17,SKU-B2,67
2026-09-17,SKU-C1,92
2026-09-17,SKU-C2,93
2026-09-18,SKU-A1,98
2026-09-18,SKU-A2,87
2026-09-18,SKU-B1,55
2026-09-18,SKU-B2,53
2026-09-18,SKU-C1,94
2026-09-18,SKU-C2,87
2026-09-19,SKU-A1,82
2026-09-19,SKU-A2,80
2026-09-19,SKU-B1,44
2026-09-19,SKU-B2,46
2026-09-19,SKU-C1,90
2026-09-19,SKU-C2,104
2026-09-20,SKU-A1,99
2026-09-20,SKU-A2,86
2026-09-20,SKU-B1,44
2026-09-20,SKU-B2,41
2026-09-20,SKU-C1,90
2026-09-20,SKU-C2,93
2026-09-21,SKU-A1,96
2026-09-21,SKU-A2,90
2026-09-21,SKU-B1,42
2026-09-21,SKU-B2,33
2026-09-21,SKU-C1,92
2026-09-21,SKU-C2,108
2026-09-22,SKU-A1,93
2026-09-22,SKU-A2,101
2026-09-22,SKU-B1,33
2026-09-22,SKU-B2,35
2026-09-22,SKU-C1,92
2026-09-22,SKU-C2,91
2026-09-23,SKU-A1,87
2026-09-23,SKU-A2,95
2026-09-23,SKU-B1,24
2026-09-23,SKU-B2,30
2026-09-23,SKU-C1,99
2026-09-23,SKU-C2,94
2026-09-24,SKU-A1,90
2026-09-24,SKU-A2,95
2026-09-24,SKU-B1,21
2026-09-24,SKU-B2,26
2026-09-24,SKU-C1,81
2026-09-24,SKU-C2,90
2026-09-25,SKU-A1,80
2026-09-25,SKU-A2,83
2026-09-25,SKU-B1,22
2026-09-25,SKU-B2,21
2026-09-25,SKU-C1,88
2026-09-25,SKU-C2,83
