date,supplier_id,lead_time_days
2026-08-01,Supplier A,4.08
2026-08-01,Supplier B,3.94
2026-08-01,Supplier C,4.29
2026-08-02,Supplier A,4.24
2026-08-02,Supplier B,3.71
2026-08-02,Supplier C,3.77
2026-08-03,Supplier A,4.03
2026-08-03,Supplier B,4.12
2026-08-03,Supplier C,4.1
2026-08-04,Supplier A,3.79
2026-08-04,Supplier B,4.42
2026-08-04,Supplier C,4.29
2026-08-05,Supplier A,4.02
2026-08-05,Supplier B,4.48
2026-08-05,Supplier C,4.22
2026-08-06,Supplier A,3.79
2026-08-06,Supplier B,4.29
2026-08-06,Supplier C,3.86
2026-08-07,Supplier A,4.22
2026-08-07,Supplier B,4.19
2026-08-07,Supplier C,4.05
2026-08-08,Supplier A,3.83
2026-08-08,Supplier B,4.51
2026-08-08,Supplier C,4.06
2026-08-09,Supplier A,3.89
2026-08-09,Supplier B,4.11
2026-08-09,Supplier C,4.23
2026-08-10,Supplier A,4.09
2026-08-10,Supplier B,4.3
2026-08-10,Supplier C,4.21
2026-08-11,Supplier A,4.54
2026-08-11,Supplier B,4.1
2026-08-11,Supplier C,3.97
2026-08-12,Supplier A,3.8
2026-08-12,Supplier B,4.35
2026-08-12,Supplier C,4.38
2026-08-13,Supplier A,3.97
2026-08-13,Supplier B,3.99
2026-08-13,Supplier C,3.89
2026-08-14,Supplier A,4.16
2026-08-14,Supplier B,4.39
2026-08-14,Supplier C,4.24
2026-08-15,Supplier A,3.83
2026-08-15,Supplier B,4.26
2026-08-15,Supplier C,4.13
2026-08-16,Supplier A,4.05
2026-08-16,Supplier B,4.42
2026-08-16,Supplier C,4.16
2026-08-17,Supplier A,4.17
2026-08-17,Supplier B,4.22
2026-08-17,Supplier C,4.17
2026-08-18,Supplier A,4.16
2026-08-18,Supplier B,3.84
2026-08-18,Supplier C,4.02
2026-08-19,Supplier A,3.88
2026-08-19,Supplier B,4.04
2026-08-19,Supplier C,4.03
2026-08-20,Supplier A,4.37
2026-08-20,Supplier B,3.98
2026-08-20,Supplier C,4.34
2026-08-21,Supplier A,3.58
2026-08-21,Supplier B,4.12
2026-08-21,Supplier C,4.14
2026-08-22,Supplier A,4.15
2026-08-22,Supplier B,4.38
2026-08-22,Supplier C,4.3
2026-08-23,Supplier A,3.91
2026-08-23,Supplier B,4.08
2026-08-23,Supplier C,4.31
2026-08-24,Supplier A,3.95
2026-08-24,Supplier B,3.88
2026-08-24,Supplier C,3.82
2026-08-25,Supplier A,3.77
2026-08-25,Supplier B,4.32
2026-08-25,Supplier C,4.14
2026-08-26,Supplier A,4.17
2026-08-26,Supplier B,4.09
2026-08-26,Supplier C,4.14
2026-08-27,Supplier A,4.16
2026-08-27,Supplier B,4.12
2026-08-27,Supplier C,4.21
2026-08-28,Supplier A,3.83
2026-08-28,Supplier B,4.11
2026-08-28,Supplier C,4.0
2026-08-29,Supplier A,3.7
2026-08-29,Supplier B,4.32
2026-08-29,Supplier C,3.98
2026-08-30,Supplier A,4.0
2026-08-30,Supplier B,4.32
2026-08-30,Supplier C,4.21
2026-08-31,Supplier A,4.17
2026-08-31,Supplier B,4.18
2026-08-31,Supplier C,3.99
2026-09-01,Supplier A,3.98
2026-09-01,Supplier B,3.78
2026-09-01,Supplier C,3.74
2026-09-02,Supplier A,3.67
2026-09-02,Supplier B,3.95
2026-09-02,Supplier C,4.2
2026-09-03,Supplier A,3.77
2026-09-03,Supplier B,4.11
2026-09-03,Supplier C,4.42
2026-09-04,Supplier A,3.91
2026-09-04,Supplier B,4.38
2026-09-04,Supplier C,3.87
2026-09-05,Supplier A,3.95
2026-09-05,Supplier B,3.96
2026-09-05,Supplier C,4.02
2026-09-06,Supplier A,4.21
2026-09-06,Supplier B,3.77
2026-09-06,Supplier C,4.21
2026-09-07,Supplier A,4.06
2026-09-07,Supplier B,4.05
2026-09-07,Supplier C,3.74
2026-09-08,Supplier A,4.02
2026-09-08,Supplier B,8.81
2026-09-08,Supplier C,4.16
2026-09-09,Supplier A,4.01
2026-09-09,Supplier B,9.56
2026-09-09,Supplier C,4.04
2026-09-10,Supplier A,3.74
2026-09-10,Supplier B,9.06
2026-09-10,Supplier C,4.15
2026-09-11,Supplier A,4.34
2026-09-11,Supplier B,9.29
2026-09-11,Supplier C,4.19
2026-09-12,Supplier A,4.37
2026-09-12,Supplier B,8.58
2026-09-12,Supplier C,3.94
2026-09-13,Supplier A,3.77
2026-09-13,Supplier B,8.86
2026-09-13,Supplier C,3.76
2026-09-14,Supplier A,4.16
2026-09-14,Supplier B,8.92
2026-09-14,Supplier C,3.73
2026-09-15,Supplier A,3.75
2026-09-15,Supplier B,9.11
2026-09-15,Supplier C,4.31
2026-09-16,Supplier A,4.5
2026-09-16,Supplier B,10.02
2026-09-16,Supplier C,4.2
2026-09-17,Supplier A,3.75
2026-09-17,Supplier B,8.25
2026-09-17,Supplier C,4.17
2026-09-18,Supplier A,3.8
2026-09-18,Supplier B,8.85
2026-09-18,Supplier C,3.95
2026-09-19,Supplier A,3.96
2026-09-19,Supplier B,9.37
2026-09-19,Supplier C,4.14
2026-09-20,Supplier A,3.96
2026-09-20,Supplier B,8.64
2026-09-20,Supplier C,3.68
2026-09-21,Supplier A,3.88
2026-09-21,Supplier B,8.98
2026-09-21,Supplier C,4.54
2026-09-22,Supplier A,4.03
2026-09-22,Supplier B,9.34
2026-09-22,Supplier C,3.98
2026-09-23,Supplier A,3.7
2026-09-23,Supplier B,8.66
2026-09-23,Supplier C,3.92
2026-09-24,Supplier A,4.53
2026-09-24,Supplier B,8.71
2026-09-24,Supplier C,4.31
2026-09-25,Supplier A,3.77
2026-09-25,Supplier B,9.33
2026-09-25,Supplier C,4.2
